	id	p	freq_p	q	freq_q	pp	pq	qq
0	rs222747	G	0.7501	C	0.2499	0.56265001	0.37489998	0.06245001000000001
1	rs324420	C	0.800315	A	0.199685	0.640504099225	0.31962180155000003	0.039874099225
2	rs6265	C	0.80608	T	0.19392	0.6497649664	0.31263006720000003	0.0376049664
3	rs4680	A	0.508018	G	0.491982	0.258082288324	0.49987142335199997	0.24204628832399996
4	rs4880213	C	0.65932	T	0.33361	0.4347028624	0.43991149040000005	0.11129563210000001
5	rs1805247	A	0.918117	G	0.081883	0.8429388256889999	0.15035634862199998	0.006704825689
6	rs3757351	A	0.571219	G	0.428781	0.32629114596100006	0.48985570807800005	0.18385314596100003
7	rs6277	A	0.54125	G	0.45875	0.2929515625	0.496596875	0.2104515625
8	rs1042522	C	0.73664	G	0.26336	0.5426384895999999	0.38800302079999993	0.06935848959999999
9	rs907094	A	0.770009	G	0.229991	0.5929138600810001	0.354190279838	0.052895860081
10	rs1130233	C	0.75812	T	0.24188	0.5747459344	0.36674813120000005	0.05850593440000001
11	rs6330	G	0.552095	A	0.447905	0.30480888902500003	0.49457222195	0.200618889025
12	rs4869676	A	0.68679	T	0.31541	0.4716805041	0.43324086780000004	0.09948346810000001
13	rs16940	A	0.671465	G	0.328535	0.45086524622499996	0.44119950755000004	0.10793524622500002
14	rs926103	C	0.64182	T	0.35818	0.4119329123999999	0.45977417519999997	0.1282929124
15	rs244072	A	0.91726	G	0.09835	0.8413659076	0.180425042	0.009672722500000001
16	rs2057149	T	0.65383	C	0.34617	0.4274936689	0.45267266219999996	0.11983366889999998
17	rs11102930	A	0.6472	G	0.3528	0.41886784	0.45666432	0.12446784
18	rs7301328	G	0.60446	C	0.39554	0.3653718916	0.4781762168	0.1564518916
19	rs4649124	G	0.577812	A	0.422188	0.333866707344	0.487890585312	0.178242707344
20	rs2494732	T	0.5689	C	0.4311	0.32364720999999996	0.49050557999999994	0.18584720999999998
21	rs6275	G	0.703476	A	0.296524	0.494878482576	0.417195034848	0.08792648257600001
22	rs7131056	C	0.577007	A	0.422993	0.3329370780490001	0.48813984390200005	0.178923078049
23	rs1063045	C	0.688397	T	0.311603	0.4738904296090001	0.42901314078200004	0.09709642960900002
24	rs1801406	A	0.687208	G	0.312792	0.4722548352640001	0.429906329472	0.09783883526400002
25	rs1049524	G	0.57457	A	0.42543	0.3301306849	0.4888786302	0.18099068489999998
26	rs4648318	T	0.7675	C	0.2325	0.58905625	0.3568875	0.05405625000000001
27	rs1049522	A	0.68871	C	0.31129	0.47432146410000003	0.4287770718	0.0969014641
28	rs6293	A	0.67439	G	0.32561	0.45480187210000006	0.4391762558	0.10602187210000001
29	rs806368	T	0.784921	C	0.215079	0.616100976241	0.337640047518	0.046258976241
30	rs2279744	T	0.68014	G	0.31986	0.46259041959999997	0.43509916079999994	0.10231041959999998
31	rs2239622	G	0.732346	A	0.267654	0.536330663716	0.392030672568	0.071638663716
32	rs1130214	C	0.70463	A	0.29537	0.4965034369	0.4162531262	0.08724343690000001
33	rs806377	C	0.51649	T	0.48351	0.2667619201	0.4994561598	0.23378192009999998
34	rs1799880	G	0.6934	C	0.3066	0.48080356	0.42519288	0.09400355999999999
35	rs2637988	A	0.60311	G	0.39689	0.3637416721	0.4787366558000001	0.1575216721
36	rs707284	C	0.653447	T	0.322315	0.426992981809	0.42123153961000004	0.103886959225
37	rs10932201	G	0.533543	A	0.466457	0.284668132849	0.497749734302	0.21758213284900002
38	rs6311	C	0.579639	T	0.417763	0.335981370321	0.484303455114	0.174525924169
39	rs2283792	G	0.522269	T	0.477731	0.272764908361	0.499008183278	0.228226908361
40	rs2227307	T	0.55282	G	0.44718	0.3056099524	0.4944200952	0.1999699524
41	rs11575812	A	0.716725	G	0.283275	0.513694725625	0.40606054874999997	0.080244725625
42	rs165599	A	0.688349	G	0.311651	0.47382434580099997	0.429049308398	0.097126345801
43	rs2857261	A	0.51942	G	0.48058	0.26979713639999997	0.4992457272	0.2309571364
44	rs2072743	C	0.660898	T	0.339102	0.436786166404	0.448223667192	0.114990166404
45	rs1005651	A	0.686528	C	0.313472	0.471320694784	0.43041461043199997	0.09826469478399999
46	rs514921	A	0.716554	G	0.283446	0.513449634916	0.40620873016799997	0.080341634916
47	rs222741	A	0.725823	G	0.274177	0.526819027329	0.398007945342	0.075173027329
48	rs11568818	T	0.547902	C	0.444642	0.300196601604	0.487240482168	0.19770650816399998
49	rs11030104	A	0.783008	G	0.216992	0.6131015280640001	0.339812943872	0.047085528063999994
50	rs2254137	A	0.660365	C	0.339635	0.436081933225	0.44856613355	0.11535193322500001
51	rs1137070	C	0.705379	T	0.294621	0.497559533641	0.415638932718	0.08680153364100002
52	rs6684439	C	0.60588	T	0.39412	0.3670905744	0.4775788512	0.15533057440000003
53	rs6994992	C	0.607513	T	0.392487	0.36907204516899994	0.47688190966199995	0.15404604516899997
54	rs2104286	T	0.745845	C	0.254155	0.5562847640249999	0.37912047195000004	0.06459476402500001
55	rs315952	T	0.715301	C	0.284699	0.511655520601	0.4072909587979999	0.08105352060099999
56	rs1519551	A	0.556395	G	0.443605	0.30957539602499995	0.49363920795	0.19678539602500003
57	rs1474347	A	0.598287	C	0.401713	0.357947334369	0.480679331262	0.16137333436899998
58	rs2069772	T	0.730614	C	0.269386	0.533796816996	0.393634366008	0.07256881699600001
59	rs638405	C	0.60203	G	0.39797	0.36244012089999994	0.47917975819999997	0.1583801209
60	rs1143623	C	0.72589	G	0.27411	0.5269162921	0.39794741580000004	0.07513629210000002
61	rs4845617	G	0.614472	A	0.385528	0.37757583878400003	0.473792322432	0.148631838784
62	rs2243828	A	0.787314	G	0.212686	0.619863334596	0.33490133080799994	0.045235334595999994
63	rs7747909	G	0.759992	A	0.240008	0.577587840064	0.364808319872	0.057603840063999996
64	rs7713917	A	0.628098	G	0.371902	0.39450709760400005	0.46718180479200005	0.138311097604
65	rs6296	C	0.73671	G	0.26329	0.5427416240999999	0.38793675180000003	0.0693216241
66	rs1295685	G	0.804901	A	0.195099	0.647865619801	0.31407076039799997	0.038063619800999995
67	rs1800896	T	0.526881	C	0.473119	0.27760358816100006	0.4985548236780001	0.223841588161
68	rs1143634	G	0.762583	A	0.237417	0.5815328318890001	0.362100336222	0.056366831889
69	rs2227306	C	0.58008	T	0.41992	0.33649280640000007	0.48717438720000006	0.17633280640000001
70	rs1518111	C	0.784879	T	0.215121	0.616035044641	0.33768791071800003	0.046277044641
71	rs5854	G	0.64004	A	0.35996	0.40965120160000007	0.4607775968	0.1295712016
72	rs10097555	A	0.62129	G	0.37871	0.3860012641	0.4705774718	0.1434212641
73	rs3918249	T	0.70317	C	0.29683	0.49444804889999994	0.41744390219999994	0.08810804889999999
74	rs1554973	T	0.75169	C	0.24831	0.5650378560999999	0.37330428779999997	0.0616578561
75	rs7598440	T	0.522305	C	0.477695	0.272802513025	0.49900497395	0.228192513025
76	rs2295633	G	0.5464	A	0.4536	0.29855296	0.49569408	0.20575296
77	rs4537545	C	0.59243	T	0.40757	0.3509733049	0.4829133902	0.16611330489999998
78	rs11568817	A	0.55507	C	0.44493	0.30810270489999997	0.49393459019999997	0.19796270489999998
79	rs2069763	C	0.665942	A	0.334058	0.44347874736400006	0.44492650527200006	0.11159474736400002
80	rs1800797	G	0.608615	A	0.391385	0.37041221822500003	0.47640556354999997	0.153182218225
81	rs214484	C	0.64861	G	0.35139	0.42069493210000003	0.4558301358	0.12347493209999999
82	rs1554606	G	0.566395	T	0.433605	0.32080329602499996	0.49118340795	0.18801329602500003
83	rs1143627	A	0.665002	G	0.334998	0.442227660004	0.445548679992	0.11222366000400001
84	rs1927911	G	0.742432	A	0.257568	0.5512052746239999	0.38245345075200005	0.06634127462400001
85	rs2069812	G	0.691857	A	0.308143	0.4786661084490001	0.42638178310200003	0.094952108449
86	rs1799990	A	0.666864	G	0.333136	0.444707594496	0.444312811008	0.11097959449599999
87	rs466448	A	0.532004	G	0.467996	0.283028256016	0.49795148796800004	0.21902025601600003
88	rs743409	G	0.52016	A	0.47984	0.27056642559999994	0.4991871487999999	0.2302464256
89	rs475007	A	0.6681	T	0.3319	0.44635761	0.44348477999999997	0.11015760999999998
90	rs2275913	G	0.65146	A	0.34854	0.42440013160000006	0.45411973680000006	0.12148013160000001
91	rs1818879	G	0.69121	A	0.30879	0.4777712641	0.4268774718	0.0953512641
92	rs4251961	T	0.619728	C	0.380272	0.38406279398399995	0.47133041203199993	0.144606793984
93	rs4790904	T	0.780351	C	0.219649	0.608947683201	0.342806633598	0.048245683201000006
94	rs3924999	G	0.611256	A	0.388744	0.373633897536	0.475244204928	0.15112189753599997
95	rs20544	T	0.573197	C	0.426803	0.32855480080899996	0.48928439838199994	0.182160800809
96	rs419598	T	0.724841	C	0.275159	0.5253944752809999	0.39889304943799997	0.07571247528099999
97	rs9912468	C	0.56266	G	0.43734	0.3165862756000001	0.49214744880000005	0.1912662756
98	rs2551640	A	0.65411	G	0.34589	0.42785989209999997	0.45250021579999994	0.11963989209999998
99	rs4711998	G	0.744965	A	0.255035	0.554972851225	0.37998429755	0.065042851225
100	rs2254514	C	0.73001	T	0.26999	0.5329146001	0.39419079980000005	0.0728946001
101	rs1799964	T	0.786463	C	0.213537	0.618524050369	0.335877899262	0.045598050369000005
102	rs11913721	A	0.69045	C	0.30955	0.4767212025	0.42745759499999997	0.0958212025
103	rs10502001	C	0.780455	T	0.219545	0.6091100070250001	0.34268998595	0.048200007025
104	rs4790522	C	0.568554	A	0.431446	0.323253650916	0.490600698168	0.186145650916
105	rs12377632	T	0.8462	C	0.1538	0.71605444	0.26029112	0.02365444
106	rs1144393	T	0.619433	C	0.380567	0.38369724148900003	0.471471517022	0.14483124148899998
107	rs2227284	G	0.66426	T	0.33574	0.44124134759999994	0.4460373048	0.1127213476
108	rs839523	C	0.718239	T	0.281761	0.5158672611209999	0.40474347775799996	0.07938926112099999
109	rs17576	A	0.64469	G	0.35531	0.4156251961	0.4581296078	0.1262451961
110	rs10093107	T	0.5455	C	0.4545	0.29757025	0.4958595	0.20657025
111	rs11651708	T	0.7804	A	0.2196	0.6090241599999999	0.34275168	0.048224159999999995
112	rs16845626	T	0.98194	G	0.01806	0.9642061636000001	0.0354676728	0.00032616359999999996
113	rs11079657	G	0.769384	A	0.230616	0.5919517394559999	0.354864521088	0.053183739455999995
114	rs10767664	A	0.7963	T	0.2037	0.63409369	0.32441262	0.04149369
115	rs1800871	G	0.762098	A	0.237902	0.5807933616040001	0.362609276792	0.056597361604
116	rs1927914	A	0.66774	G	0.33226	0.4458767076	0.4437265848	0.1103967076
117	rs11030101	A	0.51512	T	0.48488	0.2653486144	0.4995427712	0.23510861439999997
118	rs224547	A	0.53698	G	0.46302	0.2883475204	0.4972649592	0.21438752039999998
119	rs9340	G	0.567657	A	0.432343	0.322234469649	0.49084506070199996	0.18692046964899997
120	rs12722489	C	0.848576	T	0.151424	0.720081227776	0.256989544448	0.022929227776
121	rs806380	A	0.654821	G	0.345179	0.428790542041	0.452060915918	0.119148542041
