id	p	freq_p	q	freq_q
rs222747	G	0.75010	C	0.24990
rs324420	C	0.800315	A	0.199685
rs6265	C	0.806080	T	0.193920
rs4680	A	0.508018	G	0.491982
rs4880213	C	0.65932	T	0.33361
rs1805247	A	0.918117	G	0.081883
rs3757351	A	0.571219	G	0.428781
rs6277	A	0.54125	G	0.45875
rs1042522	C	0.73664	G	0.26336
rs907094	A	0.770009	G	0.229991
rs1130233	C	0.75812	T	0.24188
rs6330	G	0.552095	A	0.447905
rs4869676	A	0.68679	T	0.31541
rs16940	A	0.671465	G	0.328535
rs926103	C	0.64182	T	0.35818
rs244072	A	0.91726	G	0.09835
rs2057149	T	0.653830	C	0.346170
rs11102930	A	0.64720	G	0.35280
rs7301328	G	0.60446	C	0.39554
rs4649124	G	0.577812	A	0.422188
rs2494732	T	0.56890	C	0.43110
rs6275	G	0.703476	A	0.296524
rs7131056	C	0.577007	A	0.422993
rs1063045	C	0.688397	T	0.311603
rs1801406	A	0.687208	G	0.312792
rs1049524	G	0.57457	A	0.42543
rs4648318	T	0.767500	C	0.232500
rs1049522	A	0.68871	C	0.31129
rs6293	A	0.67439	G	0.32561
rs806368	T	0.784921	C	0.215079
rs2279744	T	0.68014	G	0.31986
rs2239622	G	0.732346	A	0.267654
rs1130214	C	0.70463	A	0.29537
rs806377	C	0.51649	T	0.48351
rs1799880	G	0.6934	C	0.3066
rs2637988	A	0.60311	G	0.39689
rs707284	C	0.653447	T	0.322315
rs10932201	G	0.533543	A	0.466457
rs6311	C	0.579639	T	0.417763
rs2283792	G	0.522269	T	0.477731
rs2227307	T	0.55282	G	0.44718
rs11575812	A	0.716725	G	0.283275
rs165599	A	0.688349	G	0.311651
rs2857261	A	0.51942	G	0.48058
rs2072743	C	0.660898	T	0.339102
rs1005651	A	0.686528	C	0.313472
rs514921	A	0.716554	G	0.283446
rs222741	A	0.725823	G	0.274177
rs11568818	T	0.547902	C	0.444642
rs11030104	A	0.783008	G	0.216992
rs2254137	A	0.660365	C	0.339635
rs1137070	C	0.705379	T	0.294621
rs6684439	C	0.60588	T	0.39412
rs6994992	C	0.607513	T	0.392487
rs2104286	T	0.745845	C	0.254155
rs315952	T	0.715301	C	0.284699
rs1519551	A	0.556395	G	0.443605
rs1474347	A	0.598287	C	0.401713
rs2069772	T	0.730614	C	0.269386
rs638405	C	0.60203	G	0.39797
rs1143623	C	0.72589	G	0.27411
rs4845617	G	0.614472	A	0.385528
rs2243828	A	0.787314	G	0.212686
rs7747909	G	0.759992	A	0.240008
rs7713917	A	0.628098	G	0.371902
rs6296	C	0.73671	G	0.26329
rs1295685	G	0.804901	A	0.195099
rs1800896	T	0.526881	C	0.473119
rs1143634	G	0.762583	A	0.237417
rs2227306	C	0.58008	T	0.41992
rs1518111	C	0.784879	T	0.215121
rs5854	G	0.64004	A	0.35996
rs10097555	A	0.62129	G	0.37871
rs3918249	T	0.70317	C	0.29683
rs1554973	T	0.751690	C	0.248310
rs7598440	T	0.522305	C	0.477695
rs2295633	G	0.5464	A	0.4536
rs4537545	C	0.592430	T	0.407570
rs11568817	A	0.55507	C	0.44493
rs2069763	C	0.665942	A	0.334058
rs1800797	G	0.608615	A	0.391385
rs214484	C	0.64861	G	0.35139
rs1554606	G	0.566395	T	0.433605
rs1143627	A	0.665002	G	0.334998
rs1927911	G	0.742432	A	0.257568
rs2069812	G	0.691857	A	0.308143
rs1799990	A	0.666864	G	0.333136
rs466448	A	0.532004	G	0.467996
rs743409	G	0.52016	A	0.47984
rs475007	A	0.6681	T	0.3319
rs2275913	G	0.65146	A	0.34854
rs1818879	G	0.69121	A	0.30879
rs4251961	T	0.619728	C	0.380272
rs4790904	T	0.780351	C	0.219649
rs3924999	G	0.611256	A	0.388744
rs20544	T	0.573197	C	0.426803
rs419598	T	0.724841	C	0.275159
rs9912468	C	0.56266	G	0.43734
rs2551640	A	0.65411	G	0.34589
rs4711998	G	0.744965	A	0.255035
rs2254514	C	0.73001	T	0.26999
rs1799964	T	0.786463	C	0.213537
rs11913721	A	0.69045	C	0.30955
rs10502001	C	0.780455	T	0.219545
rs4790522	C	0.568554	A	0.431446
rs12377632	T	0.8462	C	0.1538
rs1144393	T	0.619433	C	0.380567
rs2227284	G	0.66426	T	0.33574
rs839523	C	0.718239	T	0.281761
rs17576	A	0.644690	G	0.355310
rs10093107	T	0.54550	C	0.45450
rs11651708	T	0.7804	A	0.2196
rs16845626	T	0.98194	G	0.01806
rs11079657	G	0.769384	A	0.230616
rs10767664	A	0.79630	T	0.20370
rs1800871	G	0.762098	A	0.237902
rs1927914	A	0.66774	G	0.33226
rs11030101	A	0.51512	T	0.48488
rs224547	A	0.53698	G	0.46302
rs9340	G	0.567657	A	0.432343
rs12722489	C	0.848576	T	0.151424
rs806380	A	0.654821	G	0.345179